hotshot,gwolfsthal@coreslab.com,Gaston,TERRY,(822) 266-1230,7\~j5@<n,7\~j5@<n
breakout,mmunz@pegasustsi.com,Rozlyn,BELL,(899) 127-6534,'Z29T0!H,'Z29T0!H
firebox,uk_tmyers@verizon.net,Marvis,STRICKLAND,(833) 976-7077,N9G;#3t},N9G;#3t}
nimiety,teetrash@tampabay.rr.com,Kyleen,RYAN,(822) 314-6426,(DIH>QhJ,(DIH>QhJ
elaterin,laurar@ctagroup.com,Lakesia,SILVA,(811) 796-7070,l{Y5gsGi,l{Y5gsGi
infighting,nelson.stone@tylin.com,Richard,BLAKE,(844) 055-1161,1W)[]3=,1W)[]3=
countrydance,ryan.poulsen@rsandh.com,Lorenda,JORDAN,(855) 195-8713,6#:8mC^^,6#:8mC^^
polydactyl,jim.ward@gerdau.com,Deeanna,JOHNSON,(899) 350-5849,8y$S1AY3,8y$S1AY3
kinata,wagrieve@yahoo.com,Porshia,WEBB,(822) 514-0403,Oq[0s5:,Oq[0s5:
hirschfeld,vmarasa@hotmail.com,Ashanti,MOODY,(844) 055-1161,W!xXX1KU,W!xXX1KU
